model1,model2,auc1,auc2,auc_diff_m2_minus_m1,tstat,pvalue,significant_bonferroni
lr_raw_binary_centers,rf_raw_binary_centers,0.5666666666666667,0.5770833333333334,0.01041666666666674,8.76101475845246,1.4837742773303642e-10,Yes
lr_raw_binary_centers,gb_raw_binary_centers,0.5666666666666667,0.45833333333333337,-0.10833333333333328,10.152144694455949,3.035102953603573e-12,Yes
rf_raw_binary_centers,gb_raw_binary_centers,0.5770833333333334,0.45833333333333337,-0.11875000000000002,5.543776322200682,2.6051232349042132e-06,Yes
